s,t,flyvis_syn_per_target,malecns_syn_per_target,strength,sign,ratio
R1,L1,40.000003814697266,92.68694096601074,0.006883954629302025,-1.0,2.3171733031674018
R1,L2,46.000003814697266,97.24285714285715,0.006281414069235325,-1.0,2.1139749799713603
R1,L3,11.000000953674316,25.366171003717472,0.003382885130122304,-1.0,2.306015345866351
R1,Am,36.0,,0.010790041647851467,-1.0,
R1,T1,2.0,5.0879396984924625,0.032186221331357956,-1.0,2.5439698492462313
R2,L1,43.000003814697266,,0.006851338781416416,-1.0,
R2,L2,45.000003814697266,,0.006325086113065481,-1.0,
R2,L3,10.0,,0.003422003472223878,-1.0,
R2,Am,38.999996185302734,,0.010601052083075047,-1.0,
R2,T1,2.0,,0.030391693115234375,-1.0,
R3,L1,37.000003814697266,,0.006986481137573719,-1.0,
R3,L2,38.999996185302734,,0.006016135681420565,-1.0,
R3,L3,4.0,,0.0001243014121428132,-1.0,
R3,Am,40.000003814697266,,0.013502473942935467,-1.0,
R3,T1,2.0,,0.050727877765893936,-1.0,
R4,L1,38.0,,0.006827679928392172,-1.0,
R4,L2,41.0,,0.00640211021527648,-1.0,
R4,L3,8.0,,0.006484157405793667,-1.0,
R4,Am,37.000003814697266,,0.009840554557740688,-1.0,
R4,T1,2.0,,0.027353329584002495,-1.0,
R5,L1,38.0,,0.00683774147182703,-1.0,
R5,L2,38.999996185302734,,0.006382536608725786,-1.0,
R5,L3,6.0,,0.011712955310940742,-1.0,
R5,Am,35.000003814697266,,0.009927275590598583,-1.0,
R5,T1,2.0,,0.02608952298760414,-1.0,
R6,L1,45.000003814697266,,0.006865931674838066,-1.0,
R6,L2,47.00000762939453,,0.006338044535368681,-1.0,
R6,L3,12.0,,0.010017878375947475,-1.0,
R6,Am,40.000003814697266,,0.01009966991841793,-1.0,
R6,T1,2.0,,0.028651604428887367,-1.0,
R7,R8,1.2999999523162842,,0.02396777831017971,-1.0,
R7,Mi9,1.5833334922790527,,0.1453671157360077,-1.0,
R7,Mi15,1.25,,3.1123734515858814e-05,-1.0,
R7,Tm5a,12.571429252624512,,0.0834275558590889,-1.0,
R7,Tm5b,12.583333015441895,,0.056350454688072205,-1.0,
R8,R7,18.30000114440918,,0.029763948172330856,-1.0,
R8,L1,5.099999904632568,,0.008177070878446102,-1.0,
R8,L3,1.2999999523162842,,0.0102297468110919,-1.0,
R8,Mi1,11.399999618530273,,0.1755271852016449,1.0,
R8,Mi4,16.30000114440918,,0.06370801478624344,1.0,
R8,Mi9,2.5999999046325684,,0.028528667986392975,1.0,
R8,Mi15,12.5,,0.042964283376932144,1.0,
R8,Tm5c,8.333333969116211,,0.07741304486989975,-1.0,
R8,Tm20,12.777777671813965,,0.01642346940934658,-1.0,
L1,L5,88.76923370361328,76.2182428651371,0.0002473123022355139,-1.0,0.858611026424065
L1,Lawf2,95.00000762939453,2.2758620689655173,0.0011894640047103167,-1.0,0.02395644090728819
L1,C2,41.27273178100586,30.645272206303726,0.0014294161228463054,-1.0,0.742506514201878
L1,C3,73.87499237060547,53.15973003374578,0.0,-1.0,0.7195903285791445
L1,Mi1,136.28570556640625,80.28514963297572,0.0006826901808381081,-1.0,0.589094427029665
L1,Tm3,62.58839797973633,73.7765335929893,0.003595290007069707,-1.0,1.178757341206836
L2,R1,1.0,2.85232452142206,0.014986852183938026,1.0,2.85232452142206
L2,R2,2.0,,0.009722319431602955,1.0,
L2,L1,3.0,3.507848568790397,0.0010714333038777113,1.0,1.1692828562634656
L2,L4,13.000000953674316,15.779300891021247,0.002384813502430916,1.0,1.213792287189132
L2,L5,43.000003814697266,48.598088813940414,0.0014394012978300452,1.0,1.1301880116887277
L2,Lawf2,95.00000762939453,1.75,0.016119334846735,1.0,0.018421051152195084
L2,C3,4.874999523162842,4.200116009280743,0.003370161633938551,1.0,0.8615623425857809
L2,Mi1,1.5714285373687744,2.096903096903097,0.012177509255707264,1.0,1.3343929087696127
L2,Mi4,4.5714287757873535,2.802027027027027,0.006297620944678783,1.0,0.6129433847614576
L2,Mi9,1.0,1.8123076923076924,0.011821292340755463,1.0,1.8123076923076924
L2,T1,139.6000213623047,88.87887323943661,0.0,1.0,0.6366680489881072
L2,Tm1,144.0909423828125,115.79932356257046,0.0023441568482667208,1.0,0.803654425792577
L2,Tm2,123.16667938232422,125.31784702549575,0.0,1.0,1.0174655000358828
L2,Tm4,73.91865539550781,97.59820359281437,0.0009736274369060993,1.0,1.3203460353899459
L2,Tm20,10.0,9.279881656804733,0.0009909808868542314,1.0,0.9279881656804733
L2,TmY3,9.433333396911621,17.438574938574938,0.0006623279768973589,1.0,1.8486121718420503
L3,Lawf1,1.0,15.958448753462603,0.0050353193655610085,1.0,15.958448753462603
L3,C3,4.3636369705200195,7.9026047565118915,0.055776968598365784,1.0,1.8110133381627596
L3,Mi1,14.142857551574707,20.164592760180994,2.286698145326227e-05,1.0,1.425779244869493
L3,Mi2,7.183333396911621,14.916496945010183,0.0639086589217186,1.0,2.076542479766195
L3,Mi9,36.71428298950195,53.96843291995491,0.11367037892341614,1.0,1.469957425980145
L3,Mi13,2.142857074737549,9.566037735849056,0.11382981389760971,1.0,4.464151085307767
L3,Mi15,2.892857313156128,1.5921052631578947,0.014009225182235241,1.0,0.5503573425199103
L3,Tm3,1.2666666507720947,1.427807486631016,2.612187927297782e-05,1.0,1.1272164509586624
L3,Tm5Y,2.4107141494750977,6.827859569648924,0.04095585271716118,1.0,2.8322974630300335
L3,Tm5a,1.1666666269302368,9.651666666666667,0.004234987311065197,1.0,8.272857424628988
L3,Tm5c,38.66666793823242,62.04933333333334,0.02170425094664097,1.0,1.6047240851591675
L3,Tm9,24.0,27.772881355932203,0.03925008326768875,1.0,1.1572033898305085
L3,Tm20,20.30000114440918,30.198637911464246,0.03702010586857796,1.0,1.4876175472424171
L3,Tm28,5.599999904632568,,0.017797967419028282,1.0,
L3,TmY9,1.3333333730697632,,3.043193464691285e-05,1.0,
L3,TmY10,20.166667938232422,45.10507246376812,0.0475032776594162,1.0,2.236615022467688
L4,R1,2.0,5.181170886075949,0.14651435613632202,1.0,2.5905854430379747
L4,R2,1.0,,0.1515868604183197,1.0,
L4,R3,4.0,,0.020800165832042694,1.0,
L4,R4,2.0,,0.15281030535697937,1.0,
L4,R5,4.0,,0.14742308855056763,1.0,
L4,R6,4.0,,0.1897464245557785,1.0,
L4,L2,15.0,14.827380952380953,0.0,1.0,0.9884920634920635
L4,L3,2.0,5.2,0.02198769524693489,1.0,2.6
L4,L4,10.0,6.734085414987913,0.04450787976384163,1.0,0.6734085414987913
L4,L5,7.0,1.544186046511628,0.0,1.0,0.22059800664451829
L4,Am,3.0,,0.033717937767505646,1.0,
L4,Mi9,2.422222137451172,3.842237586423633,0.05345669016242027,1.0,1.5862449306431898
L4,T2,8.733333587646484,11.868550368550368,0.010857193730771542,1.0,1.3589942774359065
L4,Tm2,24.788890838623047,24.542517006802722,0.006045492831617594,1.0,0.9900611191753503
L4,Tm4,13.625000953674316,20.705988023952095,0.0002248188975499943,1.0,1.5197054366714167
L4,Tm9,1.3333333730697632,3.8263750828363152,0.03066902980208397,1.0,2.869781226601091
L4,TmY3,36.264286041259766,64.43203883495146,0.012250488623976707,1.0,1.7767353467718563
L4,TmY13,1.0,1.985645933014354,0.012387799099087715,1.0,1.985645933014354
L5,L1,22.384614944458008,31.16694867456289,0.0,1.0,1.392337940674705
L5,L2,4.666666507720947,6.92166952544311,0.0,1.0,1.483214948827238
L5,L5,1.0,7.983164983164984,0.0,1.0,7.983164983164984
L5,C2,36.922725677490234,22.874638937030618,5.828207213198766e-05,1.0,0.6195273647139229
L5,C3,7.500000476837158,14.82713963963964,6.237993511604145e-05,1.0,1.97695182626074
L5,Mi1,30.57692527770996,43.233502538071065,0.0013959212228655815,1.0,1.4139257674017187
L5,Mi2,1.6666666269302368,8.53265306122449,0.11309485882520676,1.0,5.1195919587952785
L5,Mi4,28.344696044921875,40.47062146892655,0.06484714150428772,1.0,1.4278022740052319
L5,Mi15,1.0,6.672709923664122,0.0,1.0,6.672709923664122
L5,T1,1.0,1.8197146562905318,0.13723212480545044,1.0,1.8197146562905318
L5,T2,38.72222137451172,46.87852760736196,1.7918805497174617e-06,1.0,1.2106363205241888
L5,Tm3,43.44743347167969,49.76484907497566,4.469571285881102e-05,1.0,1.145403654450932
L5,Tm20,2.8181819915771484,4.894776684330053,0.36427417397499084,1.0,1.7368561359625938
L5,TmY3,42.44881057739258,59.675970873786405,0.03363614156842232,1.0,1.4058337574614794
L5,TmY13,1.6666666269302368,1.8703703703703705,0.0017901802202686667,1.0,1.1222222489780858
L5,TmY14,6.333333492279053,24.489655172413794,4.575736340939329e-07,1.0,3.8667875617585996
L5,TmY18,2.738095283508301,5.783206106870229,0.016612950712442398,1.0,2.112127412695533
Lawf1,Tm3,1.3333333730697632,6.964653902798233,0.15362529456615448,1.0,5.223490271426534
Lawf2,L3,5.7272725105285645,1.913907284768212,0.03297242894768715,1.0,0.3341743004632373
Lawf2,Lawf2,3.799999952316284,1.4666666666666666,0.002613917225971818,1.0,0.38596491712392317
Lawf2,Am,9.818181991577148,,0.0029507470317184925,1.0,
Am,R1,1.0,,0.014867636375129223,-1.0,
Am,R2,1.0,,0.011795812286436558,-1.0,
Am,R4,2.0,,0.009956768713891506,-1.0,
Am,R5,2.0,,0.007119275629520416,-1.0,
Am,L1,1.0,,0.010642720386385918,1.0,
Am,L2,4.0,,0.011738377623260021,-1.0,
Am,L3,14.000001907348633,,0.04021411016583443,-1.0,
Am,L4,5.000000476837158,,0.03601891174912453,-1.0,
Am,C2,1.0,,0.020583294332027435,-1.0,
Am,C3,1.0,,6.9646941547318875e-09,-1.0,
Am,T1,62.9999885559082,,0.003842476522549987,1.0,
C2,L1,18.454547882080078,26.31151241534989,0.0,1.0,1.425746790627104
C2,L2,11.500000953674316,20.30530474040632,0.0,1.0,1.765678526654266
C2,L3,3.200000047683716,11.278879813302217,0.0061320471577346325,-1.0,3.5246498891355666
C2,L4,12.11111068725586,9.733257012020607,0.04051203280687332,-1.0,0.8036634511368645
C2,L5,19.454545974731445,21.212002243409984,0.0345563143491745,-1.0,1.0903365347595988
C2,Lawf2,95.00000762939453,1.396039603960396,0.03208943456411362,-1.0,0.014695152545739784
C2,Am,8.0,,0.0031966485548764467,-1.0,
C2,Mi1,10.727272987365723,9.461801596351197,0.09627862274646759,-1.0,0.8820323308165121
C2,T1,3.454545497894287,4.599879663056559,4.58910217275843e-05,-1.0,1.33154409628138
C2,T2,1.6666666269302368,2.20863309352518,0.017712147906422615,-1.0,1.3251798877098586
C2,T4a,1.2000000476837158,2.4838709677419355,0.08111689239740372,-1.0,2.0698923908681457
C2,Tm1,5.40000057220459,4.212121212121212,2.6908557629212737e-05,-1.0,0.7800223640349695
C2,Tm9,3.3333332538604736,3.5739910313901344,0.055584147572517395,-1.0,1.0721973349802167
C2,TmY14,1.5,1.0,0.0737520158290863,-1.0,0.6666666666666666
C3,R3,1.0,,2.4594730348326266e-05,-1.0,
C3,L1,6.0,2.45426114151681,0.0,1.0,0.409043523586135
C3,L2,56.12499237060547,68.92467678471051,0.0,1.0,1.2280567688915833
C3,L3,1.0,1.7951807228915662,0.18455705046653748,-1.0,1.7951807228915662
C3,L5,9.333333969116211,12.218416619876473,0.046095311641693115,-1.0,1.3091159772388876
C3,Lawf2,95.00000762939453,1.3269230769230769,0.0299118272960186,-1.0,0.013967610214301767
C3,Am,22.000001907348633,,0.00972236879169941,-1.0,
C3,CT1(M10),1.1304346323013306,441.5,0.005022529512643814,-1.0,390.5577442378933
C3,Mi1,3.9200000762939453,1.8780284043441937,0.009341264143586159,-1.0,0.47908886933485045
C3,Mi4,2.119999885559082,1.6073298429319371,0.014703511260449886,-1.0,0.7581744951406237
C3,Mi9,11.727273941040039,10.498014747589336,0.043101295828819275,-1.0,0.8951794594693602
C3,T1,128.60003662109375,59.068655036578505,0.0007537737837992609,-1.0,0.45932067041798735
C3,T2,13.788888931274414,13.377300613496933,0.04191755875945091,-1.0,0.9701507264414929
C3,T4a,9.704349517822266,6.572192513368984,0.009478835389018059,-1.0,0.6772419420074471
C3,T4b,5.220000267028809,6.153709198813057,0.016404934227466583,-1.0,1.1788714337203874
C3,T4c,4.2063493728637695,3.7877030162412995,0.014868291094899178,-1.0,0.9004727568938367
C3,T4d,7.5,4.1508078994614,0.034441642463207245,-1.0,0.55344105326152
C3,Tm1,16.090909957885742,15.18186936936937,3.2079296943265945e-05,-1.0,0.9435059551699949
C3,Tm2,1.5199999809265137,1.7496947496947497,0.050314631313085556,-1.0,1.15111498134903
C3,Tm4,23.4761905670166,38.99281437125749,3.7145166515983874e-06,-1.0,1.6609515185160115
C3,Tm9,2.4444446563720703,3.727216748768473,0.028755581006407738,-1.0,1.5247703559385273
C3,Tm20,6.80000114440918,6.63337182448037,0.06446027755737305,-1.0,0.9754956923697271
CT1(Lo1),T5a,40.000003814697266,,0.03524148464202881,-1.0,
CT1(Lo1),T5b,34.0,,0.03690521791577339,-1.0,
CT1(Lo1),T5c,40.000003814697266,,0.03135041519999504,-1.0,
CT1(Lo1),T5d,40.0,,0.036406151950359344,-1.0,
CT1(Lo1),Tm1,2.8000001907348633,,3.415103128645569e-05,-1.0,
CT1(Lo1),Tm9,19.67999839782715,,0.019344955682754517,-1.0,
CT1(M10),C3,1.1739128828048706,1.3089622641509433,0.12999628484249115,-1.0,1.1150420813369
CT1(M10),Mi1,7.063830375671387,1.440251572327044,0.21277105808258057,-1.0,0.20389101885677063
CT1(M10),T4a,17.971750259399414,13.789976133651551,0.021472366526722908,-1.0,0.7673140308879626
CT1(M10),T4b,12.125396728515625,12.772294887039239,0.01809871196746826,-1.0,1.0533506798175343
CT1(M10),T4c,14.51948070526123,11.46594778660613,0.01113248523324728,-1.0,0.7896940682218316
CT1(M10),T4d,18.20833396911621,12.043427230046948,2.2287873434834182e-05,-1.0,0.6614238980059474
Mi1,L1,26.28571319580078,18.695039458850058,0.0,1.0,0.7112243567291393
Mi1,L5,4.923077583312988,5.736656891495601,0.0460638552904129,1.0,1.1652582748117315
Mi1,C2,31.6358585357666,24.84584295612009,0.0026375174056738615,1.0,0.785369644007925
Mi1,C3,8.960000038146973,9.231507622811971,0.022057024762034416,1.0,1.0303021856594936
Mi1,CT1(M10),4.319149017333984,2615.0,0.1824454665184021,1.0,605.4433383764382
Mi1,Mi2,21.63333511352539,33.20182555780933,0.015342207625508308,1.0,1.5347529811550507
Mi1,Mi4,11.833333015441895,16.645598194130926,0.09002188593149185,1.0,1.40667030771544
Mi1,Mi9,10.5600004196167,10.086009174311927,0.02584831602871418,1.0,0.9551144671903359
Mi1,Mi10,2.0,2.377431906614786,0.15191766619682312,1.0,1.188715953307393
Mi1,Mi12,1.125,,0.2009245604276657,1.0,
Mi1,Mi13,1.0,1.8378995433789955,0.12621170282363892,1.0,1.8378995433789955
Mi1,Mi14,4.0,4.238636363636363,0.08794049918651581,1.0,1.0596590909090908
Mi1,Mi15,3.875000238418579,11.222802436901654,0.055781155824661255,1.0,2.8962069022947405
Mi1,T2,15.881817817687988,19.382822085889572,0.06093764305114746,1.0,1.220441029382822
Mi1,T2a,22.033334732055664,51.04810261892036,0.02767879329621792,1.0,2.3168577630081546
Mi1,T3,49.94563674926758,53.465463917525774,0.019128192216157913,1.0,1.0704731663734333
Mi1,T4a,68.0,68.38064133016627,0.029660526663064957,1.0,1.0055976666200923
Mi1,T4b,53.0,59.74437869822485,0.029460294172167778,1.0,1.1272524282683933
Mi1,T4c,70.0,62.01068616422947,0.024135300889611244,1.0,0.8858669452032781
Mi1,T4d,59.0,58.39964891749561,3.911055682692677e-05,1.0,0.9898245579236544
Mi1,Tm1,4.42307710647583,2.672865013774105,0.010899096727371216,1.0,0.6042998911008721
Mi1,Tm3,39.560943603515625,61.35491723466407,0.03120335191488266,1.0,1.5508962033254359
Mi1,Tm20,2.200000047683716,3.014455782312925,0.05472944304347038,1.0,1.3702071440801622
Mi1,TmY3,24.991666793823242,51.26820388349515,0.00034042084007523954,1.0,2.051411948888748
Mi1,TmY9,2.392857074737549,,0.10403642058372498,1.0,
Mi1,TmY13,1.3333333730697632,2.054263565891473,0.018227290362119675,1.0,1.5406976285022373
Mi1,TmY14,4.933333396911621,5.982182628062361,0.06305292993783951,1.0,1.2126045711419673
Mi1,TmY15,18.16666603088379,37.760765550239235,0.07913091033697128,1.0,2.0785743232162126
Mi1,TmY18,49.5286979675293,68.6349670811997,0.0401771105825901,1.0,1.3857615866703452
Mi2,Mi1,2.5,7.622381807301017,0.010260666720569134,-1.0,3.048952722920407
Mi2,T2,15.699999809265137,18.50341827221877,0.040342241525650024,-1.0,1.1785616877077434
Mi2,T2a,5.928571701049805,14.27917121046892,0.10313769429922104,-1.0,2.408534792273901
Mi2,T3,7.883333206176758,8.065310492505354,0.1297157257795334,-1.0,1.0230837999066198
Mi2,Tm1,2.200000047683716,9.078225335668417,3.3814860216807574e-05,-1.0,4.126465972228721
Mi2,TmY18,4.5,7.376800606520091,0.001985491719096899,-1.0,1.6392890236711315
Mi3,T2,1.0,,0.05332563444972038,-1.0,
Mi3,Tm5b,2.3333332538604736,,0.0309173334389925,-1.0,
Mi4,L2,5.4285712242126465,1.9275834011391375,0.013366779312491417,-1.0,0.35508116620846436
Mi4,C3,1.2400000095367432,1.379746835443038,0.07272784411907196,-1.0,1.112699052283478
Mi4,Mi1,3.9166667461395264,1.7345679012345678,0.019668295979499817,-1.0,0.4428683913289916
Mi4,Mi4,7.63157844543457,2.3230437903804737,0.03945761173963547,-1.0,0.30439886151863976
Mi4,Mi9,42.5,47.23098591549296,0.010632338002324104,-1.0,1.1113173156586578
Mi4,T1,1.0,1.3730407523510972,0.09909144043922424,-1.0,1.3730407523510972
Mi4,T4a,19.0,13.082590612002377,0.0323345772922039,-1.0,0.6885574006317041
Mi4,T4b,15.854545593261719,14.377962085308058,0.031431134790182114,-1.0,0.9068668667122685
Mi4,T4c,11.66944408416748,12.431306306306306,0.05615868791937828,-1.0,1.0652869336914244
Mi4,T4d,10.916666984558105,10.975409836065573,0.05189543962478638,-1.0,1.005381024408875
Mi4,Tm1,5.521739482879639,2.9247980111870726,3.313590059406124e-05,-1.0,0.5296877949884305
Mi4,Tm2,5.416666030883789,2.457317073170732,0.035763468593358994,-1.0,0.4536585898336792
Mi4,Tm5Y,2.375,7.638731596828992,0.06398066133260727,-1.0,3.216308040770102
Mi4,Tm5a,3.25,12.536585365853659,0.042100291699171066,-1.0,3.8574108818011257
Mi4,Tm5b,1.3333333730697632,13.092130518234166,0.027638575062155724,-1.0,9.819097596043711
Mi4,Tm5c,1.25,2.606896551724138,2.8276157536311075e-05,-1.0,2.08551724137931
Mi4,Tm9,10.666666984558105,18.329757199322415,0.026474712416529655,-1.0,1.718414686223728
Mi4,Tm16,40.27857208251953,153.9520202020202,0.008332704193890095,-1.0,3.8221816773100983
Mi4,Tm20,12.399998664855957,19.064131668558456,3.736311919055879e-05,-1.0,1.5374301388104152
Mi4,Tm28,1.2857142686843872,,0.179927259683609,-1.0,
Mi4,TmY3,39.366668701171875,76.91868932038835,0.017852360382676125,-1.0,1.9539039461090753
Mi4,TmY4,3.3333334922790527,2.4686567164179105,0.06831667572259903,-1.0,0.7405969796109573
Mi4,TmY5a,12.940475463867188,18.19281524926686,0.04328148439526558,-1.0,1.4058846060228178
Mi4,TmY10,16.75,47.2486388384755,0.009380485862493515,-1.0,2.8208142590134626
Mi4,TmY13,35.5,114.58101851851852,0.002777133835479617,-1.0,3.2276343244653103
Mi4,TmY15,7.483333587646484,14.535,0.03984151780605316,-1.0,1.9423161923443362
Mi4,TmY18,17.27493667602539,23.329188002926116,0.031487222760915756,-1.0,1.3504644584488101
Mi9,L3,1.0,2.3004115226337447,0.09741440415382385,-1.0,2.3004115226337447
Mi9,Lawf1,9.833333969116211,29.57617728531856,0.1816454380750656,-1.0,3.007746648106245
Mi9,C3,2.319999933242798,1.435960591133005,2.978643806272885e-06,-1.0,0.6189485484708096
Mi9,CT1(M10),2.6458334922790527,2842.5,0.14832709729671478,-1.0,1074.3306441221075
Mi9,Mi1,3.799999952316284,2.2734513274336283,0.04059288650751114,-1.0,0.5982766726214955
Mi9,Mi4,25.083335876464844,20.26410835214447,0.03335560858249664,-1.0,0.8078713474134773
Mi9,Mi10,39.233333587646484,86.17117117117117,0.025754954665899277,-1.0,2.196376481204853
Mi9,Mi15,5.125,11.387665198237885,0.08960599452257156,-1.0,2.221983453314709
Mi9,T2,3.6454544067382812,3.6903669724770642,0.07467606663703918,-1.0,1.0123201556589945
Mi9,T2a,1.0,3.952262864228146,0.07871981710195541,-1.0,3.952262864228146
Mi9,T4a,28.16426658630371,22.275862068965516,0.018051715567708015,-1.0,0.790926403167845
Mi9,T4b,21.861740112304688,25.60248815165877,0.012276608496904373,-1.0,1.1711093453740506
Mi9,T4c,23.698328018188477,24.577377602701183,0.01958210952579975,-1.0,1.0370933166187097
Mi9,T4d,22.15277862548828,22.955451348182883,0.013808759860694408,-1.0,1.03623350082915
Mi9,Tm1,20.791667938232422,14.222473178994917,4.375752541818656e-05,-1.0,0.6840467643695941
Mi9,Tm2,7.769230842590332,11.8078231292517,0.013890672475099564,-1.0,1.51981880426594
Mi9,Tm4,4.206478118896484,10.289584587597833,0.04672865569591522,-1.0,2.446128161555057
Mi9,Tm5a,1.4285715818405151,1.9833887043189369,0.001143108936958015,-1.0,1.388371944067106
Mi9,Tm5b,1.2222222089767456,9.466796875,0.011224810034036636,-1.0,7.745561163485713
Mi9,Tm16,1.125,25.484848484848484,0.05755022168159485,-1.0,22.653198653198654
Mi9,TmY3,23.558334350585938,54.54854368932039,0.0077594611793756485,-1.0,2.3154669119450575
Mi9,TmY4,2.3333334922790527,5.192079207920792,0.07062853127717972,-1.0,2.2251766518164953
Mi9,TmY5a,1.0,5.529456771231828,0.040347494184970856,-1.0,5.529456771231828
Mi9,TmY13,39.083335876464844,140.05324074074073,0.013621213845908642,-1.0,3.5834515555024007
Mi9,TmY18,5.634032726287842,8.426676492262343,0.0007542434032075107,-1.0,1.4956740405401447
Mi10,Lawf1,42.5,139.11080332409972,0.01694515533745289,-1.0,3.273195372331758
Mi10,Mi9,23.149999618530273,9.91022021456804,4.508674464887008e-05,-1.0,0.42808727334213287
Mi10,Mi14,1.6666666269302368,16.076190476190476,0.2376149445772171,-1.0,9.645714515686041
Mi10,T4a,1.2857142686843872,2.9780918727915195,0.13833901286125183,-1.0,2.3162937095182627
Mi10,T4b,1.0,2.0994897959183674,0.10680846124887466,-1.0,2.0994897959183674
Mi10,T4c,1.4285715818405151,2.8286764705882352,0.07800332456827164,-1.0,1.9800733169729445
Mi10,T4d,2.142857074737549,2.8873646209386283,0.0,-1.0,1.3474368659385576
Mi10,Tm5b,1.3333333730697632,6.238317757009346,2.8430866223061457e-05,-1.0,4.678738178319746
Mi10,TmY3,1.0,1.4867724867724867,0.09296409040689468,-1.0,1.4867724867724867
Mi10,TmY5a,1.25,1.6373165618448637,0.0,-1.0,1.309853249475891
Mi10,TmY14,3.3333332538604736,1.9889705882352942,0.0950252115726471,-1.0,0.5966911906968149
Mi12,Mi1,11.115079879760742,,0.0953572615981102,-1.0,
Mi12,Mi9,1.2222222089767456,,0.002014502650126815,-1.0,
Mi12,Tm1,15.545635223388672,,2.6526615329203196e-05,-1.0,
Mi12,Tm2,9.817461013793945,,0.0032263691537082195,-1.0,
Mi12,Tm3,1.2000000476837158,,0.09769441187381744,-1.0,
Mi12,Tm4,6.544445037841797,,0.005460544489324093,-1.0,
Mi13,L5,7.86904764175415,12.852941176470589,0.0454992912709713,-1.0,1.6333540933557547
Mi13,Mi1,15.534523963928223,21.956398640996603,0.06794441491365433,-1.0,1.413393721750356
Mi13,T2,7.3333330154418945,9.931650246305418,0.02586590312421322,-1.0,1.3543160013860291
Mi13,Tm1,25.500001907348633,22.107042253521126,2.6922982215182856e-05,-1.0,0.866942768625844
Mi13,Tm2,14.291666030883789,21.78130311614731,0.037164535373449326,-1.0,1.5240562625154184
Mi13,Tm3,5.652777671813965,10.718074656188605,0.08486124873161316,-1.0,1.8960722105932741
Mi13,Tm4,19.866666793823242,24.473652694610777,0.028202751651406288,-1.0,1.2318952619782144
Mi13,Tm9,1.25,3.4335378323108383,0.09715202450752258,-1.0,2.7468302658486707
Mi14,Tm1,1.3333333730697632,5.752681764004768,0.016698431223630905,-1.0,4.314511194421122
Mi14,Tm4,4.0,11.194915254237289,1.6668271882736008e-06,-1.0,2.7987288135593222
Mi14,TmY3,1.6666666269302368,14.392204628501828,0.006860768888145685,-1.0,8.63532298298324
Mi15,C3,5.857143402099609,4.584433634468381,5.32736667082645e-05,1.0,0.7827081086703459
Mi15,Mi4,4.857143402099609,5.681372549019608,0.02119281142950058,1.0,1.1696942170914095
Mi15,Mi10,1.25,4.616766467065868,0.23115642368793488,1.0,3.6934131736526945
Mi15,Mi15,9.133333206176758,7.49113475177305,0.0,1.0,0.8201972470145829
Mi15,Tm5c,1.0,7.1737849779086895,0.1375369429588318,1.0,7.1737849779086895
T1,L2,5.1999993324279785,2.0751565762004174,0.0,1.0,0.3990686235783587
T1,L5,1.0,1.8114035087719298,7.033806468825787e-05,1.0,1.8114035087719298
T1,Tm20,1.5555557012557983,1.310077519379845,1.827771120588295e-05,1.0,0.8421926121463995
T2,Lawf2,7.333333492279053,34.91383812010444,0.014825986698269844,1.0,4.760977822277372
T2,Mi1,6.57193660736084,8.756345177664974,1.3260353171062889e-06,1.0,1.3323843032596367
T2,T2,29.841270446777344,26.284223449969307,0.02352547086775303,1.0,0.8808010871000912
T2,Tm5c,6.0,9.07171853856563,0.05820867791771889,1.0,1.5119530897609383
T2,TmY5a,5.458333492279053,23.04765395894428,0.018412748351693153,1.0,4.222470831352784
T2,TmY15,5.666666507720947,5.2030456852791875,0.0032602231949567795,1.0,0.9181845584507105
T2a,Mi1,5.90000057220459,7.0954022988505745,5.2579835028154776e-05,1.0,1.2026104424934507
T2a,T3,1.25,1.7678571428571428,0.09368468821048737,1.0,1.4142857142857141
T2a,Tm3,2.6000001430511475,4.375254582484725,0.05977974832057953,1.0,1.6827901314460254
T2a,Tm5Y,2.6666665077209473,13.665551839464882,0.07226066291332245,1.0,5.124582245248235
T2a,Tm5b,1.0,6.371900826446281,0.032265547662973404,1.0,6.371900826446281
T2a,Tm28,4.400000095367432,,4.905825699097477e-05,1.0,
T2a,TmY4,3.4285717010498047,11.17572463768116,0.0006883588503114879,1.0,3.2595860936083767
T2a,TmY5a,14.034523010253906,20.34189288334556,0.031238926574587822,1.0,1.4494181860319273
T2a,TmY9,3.125,,0.10939879715442657,1.0,
T3,T2,2.0,5.346375881975625,0.07440336048603058,1.0,2.6731879409878125
T3,T2a,4.75,2.0657791699295225,0.07548505067825317,1.0,0.43490087787989945
T3,Tm3,3.9166665077209473,9.333497294638466,0.06393011659383774,1.0,2.3830206825726137
T4a,C3,5.177777290344238,7.204245553643144,7.751715020276606e-05,1.0,1.3913780276100247
T4a,CT1(M10),5.000000476837158,5104.0,0.03869832679629326,1.0,1020.799902648935
T4a,Mi9,4.0714287757873535,5.609411764705882,0.0,1.0,1.3777501888439903
T4a,Mi12,6.300000190734863,,0.026397518813610077,1.0,
T4a,T4a,27.922460556030273,18.71080760095012,0.017263954505324364,1.0,0.6700988103610819
T4a,T4c,2.3333334922790527,2.0804979253112035,0.03211475908756256,1.0,0.891641907252231
T4a,T5a,12.023295402526855,4.654828660436137,0.0016418377636000514,1.0,0.3871508188560237
T4a,TmY14,5.327258110046387,26.31027253668763,0.11929420381784439,1.0,4.938801911450567
T4a,TmY18,4.227272987365723,6.743435858964741,0.05111861228942871,1.0,1.5952212878418803
T4b,CT1(M10),6.0,6014.0,0.030774792656302452,1.0,1002.3333333333334
T4b,Mi9,2.25,4.881961259079903,4.100747901247814e-06,1.0,2.169760559591068
T4b,T4b,15.131157875061035,23.698816568047338,0.04425572231411934,1.0,1.5662262441334645
T4b,T4c,1.0909091234207153,2.303030303030303,0.060588426887989044,1.0,2.111111048195099
T4b,T5b,6.658504486083984,7.087905604719764,7.240760896820575e-05,1.0,1.0644891235762042
T4b,TmY15,17.0,73.23444976076556,0.033813174813985825,1.0,4.307908809456798
T4c,CT1(M10),4.0,4760.5,0.04564815014600754,1.0,1190.125
T4c,Mi9,1.7692307233810425,4.216395864106351,3.056572313653305e-05,1.0,2.3831803327769014
T4c,T4c,8.709745407104492,15.91169853768279,0.06498163193464279,1.0,1.826884460331493
T4c,T5c,5.049121856689453,5.501775147928994,0.0029747781809419394,1.0,1.0896499042976813
T4c,TmY4,50.855953216552734,54.672014260249554,0.03853177651762962,1.0,1.075036663405903
T4c,TmY14,1.0645161867141724,19.58909853249476,0.0,1.0,18.4018794424913
T4c,TmY15,17.0,71.8755980861244,3.2277152058668435e-05,1.0,4.227976358007318
T4d,CT1(M10),5.000000476837158,4150.0,0.0559970922768116,1.0,829.9999208450392
T4d,T4a,1.0,1.7980295566502462,0.07483590394258499,1.0,1.7980295566502462
T4d,T4d,9.156184196472168,16.33001755412522,0.04679252207279205,1.0,1.783495963353063
T4d,T5d,2.4314894676208496,5.654844838505383,0.0006349040777422488,1.0,2.325671122087362
T4d,TmY4,15.116666793823242,44.265822784810126,2.7000526188203366e-06,1.0,2.928279321662193
T4d,TmY15,5.0,34.315,0.2806849181652069,1.0,6.8629999999999995
T5a,CT1(Lo1),1.2982455492019653,,0.01257533673197031,1.0,
T5a,T4a,9.231087684631348,4.0880303989867,0.00010763490718090907,1.0,0.44285468177198445
T5a,T5a,19.627235412597656,16.80829326923077,0.026788951829075813,1.0,0.8563759956963903
T5a,T5b,2.2501187324523926,2.031760435571688,2.927256218754337e-06,1.0,0.9029569890106567
T5a,TmY9,1.0,,0.1571713238954544,1.0,
T5a,TmY14,21.455158233642578,38.310272536687634,2.0355373635538854e-05,1.0,1.7855972964401416
T5a,TmY15,1.0,3.308988764044944,0.02714444138109684,1.0,3.308988764044944
T5b,CT1(Lo1),1.2982455492019653,,0.17033825814723969,1.0,
T5b,T2,1.2380952835083008,6.097106109324759,0.16049404442310333,1.0,4.924585523052662
T5b,T4b,6.299015045166016,6.710101613867304,0.011721182614564896,1.0,1.0652620395019956
T5b,T5b,21.992839813232422,20.760932944606413,0.023716909810900688,1.0,0.9439860027587339
T5b,T5d,1.06521737575531,2.072029934518241,0.00037667612195946276,1.0,1.9451709873292613
T5b,Tm2,1.0322580337524414,1.2159090909090908,0.09124898165464401,1.0,1.1779119669226938
T5b,TmY14,3.0989246368408203,33.714884696016775,2.5131118945864728e-06,1.0,10.879543276143432
T5b,TmY15,4.0,32.1578947368421,0.07387878745794296,1.0,8.039473684210526
T5c,CT1(Lo1),1.2982455492019653,,0.0034631441812962294,1.0,
T5c,T4c,4.687414169311523,5.099767981438515,0.02940214052796364,1.0,1.0879704240403312
T5c,T5c,10.078995704650879,15.283720930232558,0.05157456547021866,1.0,1.5163932377885623
T5c,Tm2,1.2903225421905518,1.1452054794520548,0.1328262835741043,1.0,0.8875342730259249
T5c,TmY4,24.360713958740234,42.484848484848484,0.04493877664208412,1.0,1.7439902852110623
T5c,TmY14,1.3870967626571655,16.29979035639413,4.953895995640778e-07,1.0,11.751011750016449
T5c,TmY15,8.0,17.39408866995074,0.0,1.0,2.1742610837438425
T5d,CT1(Lo1),1.2982455492019653,,0.0,1.0,
T5d,T2,1.0,4.2570469798657715,0.0,1.0,4.2570469798657715
T5d,T4d,3.6914727687835693,5.089041095890411,2.1867806481168373e-06,1.0,1.3785936981372815
T5d,T5d,15.197489738464355,15.872603586889301,0.05459588021039963,1.0,1.0444227211232295
T5d,TmY4,11.98452377319336,28.22504537205082,0.0,1.0,2.3551244843940977
T5d,TmY15,2.0,29.70854271356784,0.1107812151312828,1.0,14.85427135678392
Tm1,L2,5.5714287757873535,2.149923896499239,0.0,1.0,0.38588376214060316
Tm1,L5,10.666666984558105,14.018181818181818,0.03151901438832283,1.0,1.314204506288199
Tm1,Lawf2,10.666666030883789,25.66840731070496,0.0738205537199974,1.0,2.4064133288120018
Tm1,C3,2.4583334922790527,2.5685515104570102,0.05199747532606125,1.0,1.0448344451735787
Tm1,CT1(Lo1),7.711112022399902,,0.03944658115506172,1.0,
Tm1,Mi1,2.153846263885498,1.8929824561403508,0.111197330057621,1.0,0.8788846668774986
Tm1,Mi2,20.650001525878906,23.973630831643003,0.1149844080209732,1.0,1.1609505598146748
Tm1,Mi4,6.2173919677734375,4.17816091954023,0.0673694834113121,1.0,0.6720118244429273
Tm1,Mi9,7.500000476837158,5.5099183197199535,4.793838525074534e-05,1.0,0.7346557292545071
Tm1,Mi12,1.1428571939468384,,0.09351664781570435,1.0,
Tm1,Mi13,2.6857142448425293,9.349944629014397,0.01795593835413456,1.0,3.481362414847157
Tm1,T1,1.399999976158142,1.5495495495495495,0.023979829624295235,1.0,1.1068211256701581
Tm1,T2,1.100000023841858,2.522163120567376,0.01737372577190399,1.0,2.292875514455422
Tm1,T2a,21.519193649291992,41.15713522180652,0.008335008285939693,1.0,1.9125779475087645
Tm1,T3,52.09722137451172,38.19690721649484,0.006228746380656958,1.0,0.7331851144595299
Tm1,T5a,26.692432403564453,25.090799759470837,5.1984079618705437e-05,1.0,0.9399967518928797
Tm1,T5b,26.488704681396484,22.993586005830903,3.7278314266586676e-05,1.0,0.868052488122597
Tm1,T5c,24.07468605041504,26.148255813953487,0.006993042305111885,1.0,1.0861307083795886
Tm1,T5d,29.234127044677734,25.86543209876543,0.0061399927362799644,1.0,0.8847684098531823
Tm1,Tm2,6.142857551574707,3.9642640823743185,0.023100368678569794,1.0,0.645345272797037
Tm1,Tm4,16.409523010253906,28.535928143712574,0.0002851409080903977,1.0,1.7389858392520718
Tm1,Tm5Y,2.3333334922790527,4.788647342995169,0.06925927102565765,1.0,2.0522772929119193
Tm1,Tm9,5.896551609039307,2.879369431117204,0.025051187723875046,1.0,0.4883141235808371
Tm1,Tm20,8.0,10.669138619509413,6.650957220699638e-05,1.0,1.3336423274386766
Tm1,Tm28,17.705951690673828,,0.00010309636127203703,1.0,
Tm1,TmY4,24.861906051635742,25.387900355871885,0.003907948266714811,1.0,1.021156636307116
Tm1,TmY9,8.5,,0.0003158510953653604,1.0,
Tm1,TmY15,5.949999809265137,5.1085714285714285,0.07062327116727829,1.0,0.8585834608963407
Tm2,L2,7.285714149475098,2.2482758620689656,0.0,1.0,0.30858688879949314
Tm2,L5,15.153844833374023,25.38375350140056,0.000587372574955225,1.0,1.6750701739730585
Tm2,Lawf1,1.1666666269302368,7.190751445086705,5.776103506605068e-08,1.0,6.1635014485733555
Tm2,C3,5.472222328186035,7.20543093270366,0.14100795984268188,1.0,1.3167284698193464
Tm2,CT1(Lo1),1.2400000095367432,,0.016464414075016975,1.0,
Tm2,Mi4,5.875,2.7215793056501023,0.012504158541560173,1.0,0.46324754138725144
Tm2,Mi9,10.461539268493652,20.343714609286522,0.00010128440771950409,1.0,1.9446196288298017
Tm2,T2,52.66480255126953,63.737423312883436,0.005825626198202372,1.0,1.2102470763245459
Tm2,T2a,1.0,4.345583494519665,0.09385685622692108,1.0,4.345583494519665
Tm2,T5a,27.018474578857422,34.76127480457006,9.39247984206304e-05,1.0,1.2865742920872207
Tm2,T5b,30.134082794189453,35.80408163265306,0.0,1.0,1.1881589984732144
Tm2,T5c,28.877166748046875,35.98895348837209,0.014373055659234524,1.0,1.2462771643207076
Tm2,T5d,30.098459243774414,32.416666666666664,0.0191886518150568,1.0,1.0770208004375423
Tm2,Tm1,7.000000953674316,3.745598057073467,0.001760920393280685,1.0,0.5350853638251855
Tm2,Tm4,4.649538993835449,10.534534534534535,0.014434978365898132,1.0,2.2657159233424338
Tm2,Tm9,4.709676742553711,1.8869395711500974,0.03410816192626953,1.0,0.4006516103538242
Tm2,Tm28,4.19444465637207,,0.14952661097049713,1.0,
Tm2,TmY3,25.2291316986084,58.23179611650485,0.010513112880289555,1.0,2.3081173308757523
Tm2,TmY4,1.0,6.123388581952118,0.0064598070457577705,1.0,6.123388581952118
Tm2,TmY13,2.6666665077209473,2.1646586345381524,0.10779431462287903,1.0,0.8117470363357009
Tm2,TmY15,6.816666603088379,21.454106280193237,7.71143168094568e-05,1.0,3.1473016841506047
Tm2,TmY18,5.602952480316162,10.873156342182892,0.027801426127552986,1.0,1.940611914946911
Tm3,L1,9.623809814453125,16.229166666666668,0.0,1.0,1.6863557135442928
Tm3,Lawf1,1.0,22.833333333333332,0.08706894516944885,1.0,22.833333333333332
Tm3,Lawf2,3.3333332538604736,21.12271540469974,0.09097010642290115,1.0,6.336814772491359
Tm3,Mi1,1.2285714149475098,7.122146118721461,1.911726485559484e-06,1.0,5.79709574231446
Tm3,Mi11,2.0,,0.009999999776482582,1.0,
Tm3,Mi14,10.533332824707031,90.94603174603175,2.3849923309171572e-05,1.0,8.634117354832684
Tm3,T2,24.674360275268555,39.66319018404908,0.023725738748908043,1.0,1.6074657961367302
Tm3,T2a,1.0,9.74377031419285,0.05567852035164833,1.0,9.74377031419285
Tm3,T3,8.666666030883789,19.34468524251806,0.028373606503009796,1.0,2.232079230188748
Tm3,T4a,28.733240127563477,29.986333927510398,3.599349656724371e-05,1.0,1.043611294597606
Tm3,T4b,16.53422737121582,30.70059171597633,6.338173261610791e-05,1.0,1.856790222288978
Tm3,T4c,18.97408103942871,26.585585585585587,2.163244062103331e-05,1.0,1.4011527372703816
Tm3,T4d,14.935787200927734,25.70216500877706,0.03624888136982918,1.0,1.7208443494147114
Tm3,Tm3,8.032679557800293,27.6222005842259,0.0019564046524465084,1.0,3.43872805898286
Tm3,Tm4,1.137930989265442,3.43245078071962,0.06306930631399155,1.0,3.0163962604932117
Tm3,Tm30,1.0,3.630434782608696,0.008712575770914555,1.0,3.630434782608696
Tm3,TmY3,26.69444465637207,70.48058252427184,0.0001996428909478709,1.0,2.640271540822178
Tm3,TmY5a,23.049604415893555,69.4816715542522,0.01814158819615841,1.0,3.014440955279129
Tm3,TmY13,2.0,10.983720930232558,0.00708045344799757,1.0,5.491860465116279
Tm3,TmY14,35.34851837158203,142.97903563941298,0.001922466210089624,1.0,4.044838149549121
Tm3,TmY15,115.53334045410156,341.6937799043062,5.080065966467373e-05,1.0,2.9575339773028757
Tm3,TmY18,5.5512824058532715,16.3696925329429,0.012591758742928505,1.0,2.9488127852552948
Tm4,Lawf2,6.6666669845581055,27.0443864229765,0.0,1.0,4.056657770009959
Tm4,C3,7.083333492279053,9.989553105049332,3.871538137900643e-05,1.0,1.4102898184785604
Tm4,Mi4,4.260526180267334,6.918118466898955,0.0726771131157875,1.0,1.623770908612247
Tm4,Mi10,1.0,5.458715596330276,0.2546524703502655,1.0,5.458715596330276
Tm4,Mi12,1.0,,0.3225347399711609,1.0,
Tm4,Mi13,2.8285715579986572,8.288568257491676,0.2451440393924713,1.0,2.9303017751321145
Tm4,Mi14,19.66666603088379,108.65714285714286,1.5042144696053583e-05,1.0,5.524939645922283
Tm4,T2,1.0,2.2076155938349955,0.058950625360012054,1.0,2.2076155938349955
Tm4,T2a,4.800000190734863,6.667029379760609,0.2000543773174286,1.0,1.3889643989243072
Tm4,T3,14.899206161499023,15.738860103626942,0.14402376115322113,1.0,1.0563556160661542
Tm4,T5a,16.436344146728516,19.880866425992778,0.03287481144070625,1.0,1.2095674225676187
Tm4,T5b,14.956521034240723,18.30145772594752,0.07372856885194778,1.0,1.2236440335322007
Tm4,T5c,19.21624755859375,21.885465116279068,9.864474122878164e-05,1.0,1.1389042033074563
Tm4,T5d,17.438385009765625,20.08888888888889,0.05373607948422432,1.0,1.15199250834518
Tm4,Tm3,2.208127975463867,2.566419420094403,0.3195401132106781,1.0,1.162260271420758
Tm4,Tm4,2.211111068725586,11.032374100719425,0.0290896724909544,1.0,4.989516020594178
Tm4,TmY3,10.053571701049805,24.70631067961165,0.024191640317440033,1.0,2.4574660045475967
Tm4,TmY4,2.8333332538604736,1.5769230769230769,3.2534098863834515e-06,1.0,0.5565611015839691
Tm4,TmY5a,31.417858123779297,75.99413489736071,0.02629701979458332,1.0,2.4188197234184745
Tm4,TmY13,1.6666666269302368,15.962962962962964,0.007165027316659689,1.0,9.577778006129801
Tm4,TmY14,59.323238372802734,172.66666666666666,0.03957166150212288,1.0,2.910607569694429
Tm4,TmY15,143.9499969482422,313.6363636363636,0.017593521624803543,1.0,2.1787868724244075
Tm5Y,Tm5a,1.0,10.122186495176848,3.532982736942358e-05,1.0,10.122186495176848
Tm5Y,Tm5b,1.0,7.337811900191938,4.1683677409309894e-05,1.0,7.337811900191938
Tm5Y,Tm20,1.0,4.0602409638554215,4.103124592802487e-05,1.0,4.0602409638554215
Tm5Y,TmY5a,1.2000000476837158,8.223511214230472,0.015205921605229378,1.0,6.852925739547923
Tm5Y,TmY10,1.3333333730697632,13.182481751824817,0.02007235400378704,1.0,9.886861019217193
Tm5a,Tm5a,3.6666665077209473,6.638132295719845,0.019197123125195503,1.0,1.8103997954932207
Tm5a,Tm5b,8.666666984558105,1.5462555066079295,0.06604377925395966,1.0,0.17841409037210973
Tm5b,Mi3,1.6666666269302368,,0.10568100214004517,1.0,
Tm5b,Mi10,1.6000001430511475,7.513297872340425,7.400428876280785e-05,1.0,4.6958107503745685
Tm5b,Tm5a,1.25,2.5011441647597255,0.0,1.0,2.0009153318077804
Tm5b,Tm5b,17.33333396911621,9.059670781893004,0.03050854429602623,1.0,0.5226732951684389
Tm5b,Tm5c,1.0,3.3044496487119437,0.03577549383044243,1.0,3.3044496487119437
Tm5c,Mi4,4.916666507720947,2.8733738074588033,0.08352016657590866,-1.0,0.584415030579472
Tm5c,Mi15,10.166666984558105,19.500434404865334,0.09310022741556168,-1.0,1.9180754552582526
Tm5c,Tm5Y,2.0,5.427884615384615,0.04527850076556206,-1.0,2.7139423076923075
Tm5c,Tm5b,4.0,11.093069306930692,0.011788586154580116,-1.0,2.773267326732673
Tm5c,Tm16,1.0,7.981912144702842,0.03191355988383293,-1.0,7.981912144702842
Tm9,CT1(Lo1),23.360002517700195,,0.05599456652998924,1.0,
Tm9,Mi9,1.185185194015503,2.2027896995708156,0.028421269729733467,1.0,1.8586037951651984
Tm9,T5a,49.0,33.35177390258569,0.025000397115945816,1.0,0.6806484469915447
Tm9,T5b,47.01363754272461,37.49562682215743,0.02566397935152054,1.0,0.7975478772107883
Tm9,T5c,45.92842102050781,43.044186046511626,0.02778046950697899,1.0,0.9372015211951588
Tm9,T5d,51.28318786621094,39.26604938271605,0.030567338690161705,1.0,0.7656709930972788
Tm9,Tm1,3.965517282485962,1.2970873786407766,0.02986285462975502,1.0,0.3270915964405126
Tm9,Tm2,4.709676742553711,1.265748031496063,0.036288898438215256,1.0,0.26875475763751483
Tm9,Tm5Y,2.0,5.40952380952381,1.1898025604750728e-06,1.0,2.704761904761905
Tm9,Tm28,1.2857142686843872,,0.04780155047774315,1.0,
Tm9,TmY4,2.0,4.242914979757085,4.18829768022988e-06,1.0,2.1214574898785425
Tm9,TmY9,3.5,,9.310257155448198e-05,1.0,
Tm9,TmY15,7.350000381469727,2.4444444444444446,0.0205537136644125,1.0,0.3325774581736344
Tm16,Lawf1,12.0,37.89750692520776,3.6831900729339395e-07,1.0,3.1581255771006465
Tm16,Lawf2,2.0,6.683377308707124,7.912937576293189e-07,1.0,3.341688654353562
Tm16,Mi9,8.714285850524902,9.465753424657533,2.7724440769816283e-06,1.0,1.0862339825686769
Tm16,T2,3.7857141494750977,3.132996632996633,0.014926696196198463,1.0,0.8275840460461161
Tm16,Tm1,5.7083330154418945,9.592446448703495,0.056081295013427734,1.0,1.6804286685367675
Tm16,Tm2,1.0,3.7223300970873785,0.00012489574146457016,1.0,3.7223300970873785
Tm16,Tm4,2.1666665077209473,7.063492063492063,6.259169458644465e-05,1.0,3.2600734992308267
Tm16,Tm5Y,3.0,4.9221789883268485,0.08941537886857986,1.0,1.640726329442283
Tm16,Tm5c,5.6666669845581055,11.610583446404341,0.01674167811870575,1.0,2.0489263756002685
Tm16,Tm9,9.307143211364746,8.372929754426043,1.7716962474878528e-06,1.0,0.8996240376103856
Tm16,TmY3,1.3333333730697632,1.7028571428571428,0.04906507954001427,1.0,1.277142819081035
Tm16,TmY5a,5.75,10.087822878228783,8.198810246540233e-05,1.0,1.754403978822397
Tm16,TmY10,3.6666667461395264,8.479052823315119,0.06807853281497955,1.0,2.3124689016918007
Tm16,TmY13,6.6666669845581055,12.337209302325581,0.06319155544042587,1.0,1.850581307106244
Tm16,TmY14,10.5,14.705882352941176,0.007353581488132477,1.0,1.4005602240896358
Tm20,Mi2,1.2000000476837158,8.22381930184805,0.1930701732635498,1.0,6.853182479219036
Tm20,Mi9,4.0,6.914285714285715,0.11388818174600601,1.0,1.7285714285714286
Tm20,Tm5Y,23.399999618530273,59.5902004454343,0.01505463756620884,1.0,2.546589804140223
Tm20,Tm9,3.222222089767456,4.915509957754979,0.12663806974887848,1.0,1.5255031530460785
Tm20,Tm20,10.828571319580078,15.261931818181818,0.024525778368115425,1.0,1.4094132427779642
Tm28,Tm5Y,1.0,,0.01018467266112566,1.0,
Tm28,TmY4,14.216667175292969,,4.117231128475396e-06,1.0,
Tm28,TmY9,1.0,,5.019162563257851e-05,1.0,
TmY3,T2,15.867533683776855,16.25923645320197,4.106143023818731e-06,1.0,1.0246858004042303
TmY3,Tm4,1.5,2.450877192982456,7.215022606033017e-07,1.0,1.6339181286549707
TmY3,TmY3,1.0,3.7098844672657254,0.07573657482862473,1.0,3.7098844672657254
TmY3,TmY4,2.8333334922790527,1.3888888888888888,0.047401271760463715,1.0,0.49019605093211466
TmY3,TmY5a,7.1666669845581055,12.98971344599559,0.024355020374059677,1.0,1.8125180748574343
TmY3,TmY13,2.0,22.03240740740741,0.02180883102118969,1.0,11.016203703703704
TmY3,TmY14,35.75214767456055,61.19077568134172,3.29753078176509e-07,1.0,1.7115272693081327
TmY3,TmY15,2.0,17.933014354066987,0.005903881974518299,1.0,8.966507177033494
TmY4,Mi3,1.3333333730697632,,0.15153469145298004,1.0,
TmY4,Mi4,2.75,1.2992700729927007,0.0,1.0,0.47246184472461844
TmY4,Mi13,1.3333333730697632,2.691358024691358,3.307102076632873e-07,1.0,2.0185184583619806
TmY4,T2,1.5,1.08,0.11254710704088211,1.0,0.7200000000000001
TmY4,T5d,1.2000000476837158,1.1843971631205674,0.0070391371846199036,1.0,0.9869975967140454
TmY4,TmY4,3.6666665077209473,24.973309608540927,0.10010463744401932,1.0,6.810902915755852
TmY4,TmY5a,7.583333492279053,17.316446402349484,0.009924025274813175,1.0,2.283487389810849
TmY4,TmY9,2.0,,5.681932088918984e-05,1.0,
TmY4,TmY14,2.75,4.395465994962216,1.5328952258641948e-06,1.0,1.5983512708953513
TmY5a,Mi2,1.0,2.45578231292517,0.022628655657172203,-1.0,2.45578231292517
TmY5a,Mi3,1.3333333730697632,,0.04759739339351654,-1.0,
TmY5a,T2,1.0,2.223082881487219,0.057085342705249786,-1.0,2.223082881487219
TmY5a,T2a,2.6857142448425293,5.698071625344353,0.12084441632032394,-1.0,2.121622445979336
TmY5a,Tm16,1.0,13.445876288659793,0.052161749452352524,-1.0,13.445876288659793
TmY5a,TmY3,4.366666793823242,6.995055624227441,0.019761409610509872,-1.0,1.6019210886715973
TmY5a,TmY4,1.3333333730697632,2.7745302713987474,0.06070876121520996,-1.0,2.080897641533478
TmY5a,TmY14,4.400000095367432,8.91157894736842,0.00013973968452773988,-1.0,2.025358807776171
TmY5a,TmY15,5.25,36.05263157894737,0.039859142154455185,-1.0,6.867167919799499
TmY5a,TmY18,2.875,4.016355140186916,0.014552392065525055,-1.0,1.3969930922389273
TmY9,Mi13,3.0,,0.0790310800075531,1.0,
TmY9,TmY4,2.3333334922790527,,0.0004469959530979395,1.0,
TmY9,TmY9,11.199999809265137,,0.027483109384775162,1.0,
TmY10,Mi4,17.83333396911621,12.59288537549407,0.008779245428740978,1.0,0.7061430799929191
TmY10,T2a,1.0,1.6971736204576042,0.00932831410318613,1.0,1.6971736204576042
TmY10,Tm5b,1.0,1.3975903614457832,0.005075663793832064,1.0,1.3975903614457832
TmY10,Tm5c,2.0,8.526822558459422,0.017334921285510063,1.0,4.263411279229711
TmY10,Tm9,1.5,2.037392138063279,0.02259250544011593,1.0,1.3582614253755194
TmY10,Tm16,3.6666667461395264,6.968253968253968,0.0006783160497434437,1.0,1.9004328592421276
TmY10,Tm20,1.0,2.061791967044284,5.1447746955091134e-05,1.0,2.061791967044284
TmY10,Tm28,2.0,,0.03278496861457825,1.0,
TmY10,TmY4,1.6666666269302368,7.3502722323049,2.9715761229454074e-06,1.0,4.41016344452943
TmY10,TmY9,2.0,,4.491400613915175e-05,1.0,
TmY13,Mi4,3.5833332538604736,3.6658892128279885,0.01085058506578207,1.0,1.0230388727809712
TmY13,T2,5.5,3.684476534296029,0.04586343839764595,1.0,0.6699048244174598
TmY13,Tm5b,1.0,2.6273458445040214,5.499829967448022e-06,1.0,2.6273458445040214
TmY13,Tm16,1.0,6.801675977653631,0.15013094246387482,1.0,6.801675977653631
TmY13,TmY5a,1.5,8.19570051890289,0.08277972042560577,1.0,5.463800345935261
TmY14,C3,6.300000190734863,3.126315789473684,0.054270606487989426,-1.0,0.4962405864798895
TmY14,Mi12,6.5,,0.20249536633491516,-1.0,
TmY14,Mi13,6.4166669845581055,6.8737541528239205,8.542670002498198e-06,-1.0,1.0712343603565229
TmY14,Tm9,1.0,1.2779783393501805,0.18236017227172852,-1.0,1.2779783393501805
TmY14,Tm16,10.916666030883789,10.3510101010101,0.02575143240392208,-1.0,0.9481841866121561
TmY14,TmY4,1.0,1.2181818181818183,0.004946407862007618,-1.0,1.2181818181818183
TmY15,Mi4,29.08333396911621,5.106675392670157,3.657894194475375e-05,-1.0,0.17558768874617228
TmY15,Mi9,1.0,1.2374100719424461,0.1080978587269783,-1.0,1.2374100719424461
TmY15,T2,2.0,2.389189189189189,6.276759086176753e-05,-1.0,1.1945945945945946
TmY15,T2a,1.6666666269302368,2.3805309734513274,0.024312986060976982,-1.0,1.428318618124566
TmY15,T4a,17.0,12.215219976218787,0.0032117452938109636,-1.0,0.7185423515422816
TmY15,T4b,23.0,13.201775147928995,0.006111325696110725,-1.0,0.5739902238229998
TmY15,T4c,22.0,12.221846846846846,0.01466804277151823,-1.0,0.555538493038493
TmY15,T4d,13.0,10.680327868852459,0.004140165634453297,-1.0,0.8215636822194199
TmY15,T5a,15.0,7.157575757575757,0.032062601298093796,-1.0,0.47717171717171714
TmY15,T5b,13.0,7.679012345679013,0.03139171376824379,-1.0,0.5906932573599241
TmY15,T5c,16.0,7.225161669606114,0.0467219315469265,-1.0,0.4515726043503821
TmY15,T5d,13.0,7.4925,0.0467190258204937,-1.0,0.5763461538461538
TmY15,Tm1,2.0,1.5427251732101617,0.016072042286396027,-1.0,0.7713625866050808
TmY15,Tm2,2.0,1.284518828451883,0.14783692359924316,-1.0,0.6422594142259415
TmY15,Tm3,2.142857074737549,1.8970588235294117,0.02897566929459572,-1.0,0.8852941457898018
TmY15,Tm4,13.216667175292969,3.358364312267658,0.04386639967560768,-1.0,0.2541006948064586
TmY15,Tm9,11.583333969116211,1.6972193614830071,0.0029945739079266787,-1.0,0.14652252676199942
TmY15,TmY3,7.1666669845581055,5.824324324324325,0.013736732304096222,-1.0,0.8126963812988516
TmY15,TmY14,118.0,67.69392033542977,0.022974412888288498,-1.0,0.5736772909782184
TmY15,TmY18,22.28333282470703,6.007457121551082,0.009619823656976223,-1.0,0.26959419261064077
TmY18,Mi4,4.484665870666504,7.46481371969249,0.07404151558876038,1.0,1.664519483718657
TmY18,Mi10,7.75,22.39864864864865,0.03945410996675491,1.0,2.890148212728858
TmY18,T2,4.699999809265137,7.669581511555278,7.187957089627162e-05,1.0,1.6318259197449727
TmY18,TmY5a,3.2916665077209473,11.598659717051378,0.006082100793719292,1.0,3.5236436284919845
TmY18,TmY9,1.0,,0.08201835304498672,1.0,
TmY18,TmY15,20.0,33.94736842105263,6.85801642248407e-05,1.0,1.6973684210526314
TmY18,TmY18,6.476190567016602,12.398093841642229,0.08253030478954315,1.0,1.9144115222282103
